;;;;;;850;1;2,5;BK;;1110;;;;;;;;1110;;0|0;;0;0;0;;0;;;;;;;;;;;;;;;;;;0;0;;
;;;;;;850;1;2,5;RD;;1111;;;;;;;;1111;;0|0;;0;0;0;;0;;;;;;;;;;;;;;;;;;0;0;;
;;;;;;1100;1;2,5;WH;;1105;;;;;;;;1105;;0|0;;0;0;0;;0;;;;;;;;;;;;;;;;;;0;0;;
;;;;;;1100;1;2,5;BN;;1104;;;;;;;;1104;;0|0;;0;0;0;;0;;;;;;;;;;;;;;;;;;0;0;;
;;;;;;800;1;2,5;BN;;1106;;;;;;;;1106;;0|0;;0;0;0;;0;;;;;;;;;;;;;;;;;;0;0;;
;;;;;;800;1;2,5;WH;;1107;;;;;;;;1107;;0|0;;0;0;0;;0;;;;;;;;;;;;;;;;;;0;0;;
;;;;;;1050;1;2,5;OG;;1201;;;;;;;;1201;;0|0;;0;0;0;;0;;;;;;;;;;;;;;;;;;0;0;;
;;;;;;1100;1;2,5;OG;;1206;;;;;;;;1206;;0|0;;0;0;0;;0;;;;;;;;;;;;;;;;;;0;0;;
;;;;;;2500;1;0,75;BK;;2142;;;;;;;;2142;;0|0;;0;0;0;;0;;;;;;;;;;;;;;;;;;0;0;;
;;;;;;1000;1;1;RD;;1324;;;;;;;;1324;;0|180;;0;0;0;;0;;;;;;;;;;;;;;;;;;0;0;;
;;;;;;950;1;1;BK;;1311;;;;;;;;1311;;0|180;;0;0;0;;0;;;;;;;;;;;;;;;;;;0;0;;
;;;;;;950;1;1;BK;;1323;;;;;;;;1323;;0|180;;0;0;0;;0;;;;;;;;;;;;;;;;;;0;0;;
;;;;;;950;1;1;RD;;1310;;;;;;;;1310;;0|180;;0;0;0;;0;;;;;;;;;;;;;;;;;;0;0;;
;;;;;;2550;1;0,75;BK;;2118;;;;;;;;2118;;0|0;;0;0;0;;0;;;;;;;;;;;;;;;;;;0;0;;
;;;;;;1250;1;0,75;BK;;4318;;;;;;;;4318;;0|180;;0;0;0;;0;;;;;;;;;;;;;;;;;;0;0;;
;;;;;;2600;1;0,75;BK;;2122;;;;;;;;2122;;0|0;;0;0;0;;0;;;;;;;;;;;;;;;;;;0;0;;
;;;;;;1250;1;0,75;BK;;4358;;;;;;;;4358;;0|180;;0;0;0;;0;;;;;;;;;;;;;;;;;;0;0;;
;;;;;;2600;1;0,75;BK;;2168;;;;;;;;2168;;0|0;;0;0;0;;0;;;;;;;;;;;;;;;;;;0;0;;
;;;;;;2600;1;0,75;BK;;2114;;;;;;;;2114;;0|0;;0;0;0;;0;;;;;;;;;;;;;;;;;;0;0;;
;;;;;;1050;1;1;RD;;1308;;;;;;;;1308;;0|180;;0;0;0;;0;;;;;;;;;;;;;;;;;;0;0;;
;;;;;;2550;1;0,75;BK;;2119;;;;;;;;2119;;0|0;;0;0;0;;0;;;;;;;;;;;;;;;;;;0;0;;
;;;;;;1250;1;0,75;BK;;4319;;;;;;;;4319;;0|180;;0;0;0;;0;;;;;;;;;;;;;;;;;;0;0;;
;;;;;;2600;1;0,75;BK;;2123;;;;;;;;2123;;0|0;;0;0;0;;0;;;;;;;;;;;;;;;;;;0;0;;
;;;;;;1250;1;0,75;BK;;4359;;;;;;;;4359;;0|180;;0;0;0;;0;;;;;;;;;;;;;;;;;;0;0;;
;;;;;;2600;1;0,75;BK;;2169;;;;;;;;2169;;0|0;;0;0;0;;0;;;;;;;;;;;;;;;;;;0;0;;
;;;;;;2600;1;0,75;BK;;2115;;;;;;;;2115;;0|0;;0;0;0;;0;;;;;;;;;;;;;;;;;;0;0;;
;;;;;;1150;1;1;RD;;6201;;;;;;;;6201;;0|180;;0;0;0;;0;;;;;;;;;;;;;;;;;;0;0;;
;;;;;;400;1;1;RD;;6201;;;;;;;;6201;;0|180;;0;0;0;;0;;;;;;;;;;;;;;;;;;0;0;;
;;;;;;1150;1;1;RD;;6203;;;;;;;;6203;;0|180;;0;0;0;;0;;;;;;;;;;;;;;;;;;0;0;;
;;;;;;400;1;1;RD;;6203;;;;;;;;6203;;0|180;;0;0;0;;0;;;;;;;;;;;;;;;;;;0;0;;
;;;;;;1150;1;1;RD;;6206;;;;;;;;6206;;0|180;;0;0;0;;0;;;;;;;;;;;;;;;;;;0;0;;
;;;;;;400;1;1;RD;;6206;;;;;;;;6206;;0|180;;0;0;0;;0;;;;;;;;;;;;;;;;;;0;0;;
;;;;;;1250;1;1;GNYE;;⏚TOMA;;;;;;;;⏚TOMA;;0|0;;0;0;0;;0;;;;;;;;;;;;;;;;;;0;0;;
;;;;;;1350;1;1;GNYE;;⏚13PS3;;;;;;;;⏚13PS3;;0|0;;0;0;0;;0;;;;;;;;;;;;;;;;;;0;0;;
;;;;;;400;1;2,5;WH;;1109;;;;;;;;1109;;180|0;;0;0;0;;0;;;;;;;;;;;;;;;;;;0;0;;
;;;;;;400;1;1;WH;;1109;;;;;;;;1109;;180|0;;0;0;0;;0;;;;;;;;;;;;;;;;;;0;0;;
;;;;;;400;1;2,5;BN;;1108;;;;;;;;1108;;180|0;;0;0;0;;0;;;;;;;;;;;;;;;;;;0;0;;
;;;;;;450;1;1;BN;;1108;;;;;;;;1108;;180|0;;0;0;0;;0;;;;;;;;;;;;;;;;;;0;0;;
;;;;;;600;1;2,5;OG;;1202;;;;;;;;1202;;0|0;;0;0;0;;0;;;;;;;;;;;;;;;;;;0;0;;
;;;;;;2300;1;2,5;RD;;1301;;;;;;;;1301;;180|0;;0;0;0;;0;;;;;;;;;;;;;;;;;;0;0;;
;;;;;;600;1;1;BK;;1305;;;;;;;;1305;;0|0;;0;0;0;;0;;;;;;;;;;;;;;;;;;0;0;;
;;;;;;600;1;1;RD;;1304;;;;;;;;1304;;0|0;;0;0;0;;0;;;;;;;;;;;;;;;;;;0;0;;
;;;;;;650;1;0,75;BK;;1328;;;;;;;;1328;;0|0;;0;0;0;;0;;;;;;;;;;;;;;;;;;0;0;;
;;;;;;1100;1;0,75;BK;;4669;;;;;;;;4669;;0|0;;0;0;0;;0;;;;;;;;;;;;;;;;;;0;0;;
;;;;;;1100;1;0,75;BK;;4615;;;;;;;;4615;;0|0;;0;0;0;;0;;;;;;;;;;;;;;;;;;0;0;;
;;;;;;2450;1;0,75;BK;;2151;;;;;;;;2151;;180|0;;0;0;0;;0;;;;;;;;;;;;;;;;;;0;0;;
;;;;;;2450;1;0,75;BK;;2153;;;;;;;;2153;;180|0;;0;0;0;;0;;;;;;;;;;;;;;;;;;0;0;;
;;;;;;2450;1;0,75;BK;;2155;;;;;;;;2155;;180|0;;0;0;0;;0;;;;;;;;;;;;;;;;;;0;0;;
;;;;;;400;1;0,75;RD;;4329;;;;;;;;4329;;0|0;;0;0;0;;0;;;;;;;;;;;;;;;;;;0;0;;
;;;;;;400;1;0,75;RD;;4329;;;;;;;;4329;;0|0;;0;0;0;;0;;;;;;;;;;;;;;;;;;0;0;;
;;;;;;400;1;0,75;RD;;4369;;;;;;;;4369;;0|0;;0;0;0;;0;;;;;;;;;;;;;;;;;;0;0;;
;;;;;;400;1;0,75;RD;;4369;;;;;;;;4369;;0|0;;0;0;0;;0;;;;;;;;;;;;;;;;;;0;0;;
;;;;;;1100;1;0,75;RD;;4668;;;;;;;;4668;;0|0;;0;0;0;;0;;;;;;;;;;;;;;;;;;0;0;;
;;;;;;1100;1;0,75;RD;;4614;;;;;;;;4614;;0|0;;0;0;0;;0;;;;;;;;;;;;;;;;;;0;0;;
;;;;;;2450;1;0,75;BK;;2150;;;;;;;;2150;;180|0;;0;0;0;;0;;;;;;;;;;;;;;;;;;0;0;;
;;;;;;2450;1;0,75;BK;;2152;;;;;;;;2152;;180|0;;0;0;0;;0;;;;;;;;;;;;;;;;;;0;0;;
;;;;;;2450;1;0,75;BK;;2154;;;;;;;;2154;;180|0;;0;0;0;;0;;;;;;;;;;;;;;;;;;0;0;;
;;;;;;750;1;2,5;GNYE;;⏚11PS1;;;;;;;;⏚11PS1;;180|0;;0;0;0;;0;;;;;;;;;;;;;;;;;;0;0;;
;;;;;;600;1;2,5;VT;;1205;;;;;;;;1205;;0|0;;0;0;0;;0;;;;;;;;;;;;;;;;;;0;0;;
;;;;;;600;1;0,75;RD;;1318;;;;;;;;1318;;0|180;;0;0;0;;0;;;;;;;;;;;;;;;;;;0;0;;
;;;;;;450;1;2,5;BK;;1321;;;;;;;;1321;;0|180;;0;0;0;;0;;;;;;;;;;;;;;;;;;0;0;;
;;;;;;2200;1;2,5;OG;;1217;;;;;;;;1217;;180|0;;0;0;0;;0;;;;;;;;;;;;;;;;;;0;0;;
;;;;;;2250;1;2,5;VT;;1218;;;;;;;;1218;;180|0;;0;0;0;;0;;;;;;;;;;;;;;;;;;0;0;;
;;;;;;2250;1;2,5;RD;;1303;;;;;;;;1303;;180|0;;0;0;0;;0;;;;;;;;;;;;;;;;;;0;0;;
;;;;;;2250;1;1;RD;;1306;;;;;;;;1306;;180|0;;0;0;0;;0;;;;;;;;;;;;;;;;;;0;0;;
;;;;;;850;1;2,5;VT;;1203;;;;;;;;1203;;180|0;;0;0;0;;0;;;;;;;;;;;;;;;;;;0;0;;
;;;;;;400;1;1;BK;;1315;;;;;;;;1315;;180|0;;0;0;0;;0;;;;;;;;;;;;;;;;;;0;0;;
;;;;;;950;1;0,75;RD;;1319;;;;;;;;1319;;0|0;;0;0;0;;0;;;;;;;;;;;;;;;;;;0;0;;
;;;;;;2250;1;1;BK;;1307;;;;;;;;1307;;180|0;;0;0;0;;0;;;;;;;;;;;;;;;;;;0;0;;
;;;;;;950;1;1;RD;;1312;;;;;;;;1312;;0|0;;0;0;0;;0;;;;;;;;;;;;;;;;;;0;0;;
;;;;;;300;1;1;RD;;1312;;;;;;;;1312;;0|180;;0;0;0;;0;;;;;;;;;;;;;;;;;;0;0;;
;;;;;;300;1;1;RD;;1312;;;;;;;;1312;;0|180;;0;0;0;;0;;;;;;;;;;;;;;;;;;0;0;;
;;;;;;950;1;1;BK;;1313;;;;;;;;1313;;0|0;;0;0;0;;0;;;;;;;;;;;;;;;;;;0;0;;
;;;;;;300;1;1;BK;;1313;;;;;;;;1313;;0|180;;0;0;0;;0;;;;;;;;;;;;;;;;;;0;0;;
;;;;;;300;1;1;BK;;1313;;;;;;;;1313;;0|180;;0;0;0;;0;;;;;;;;;;;;;;;;;;0;0;;
;;;;;;2350;1;1;RD;;6202;;;;;;;;6202;;180|0;;0;0;0;;0;;;;;;;;;;;;;;;;;;0;0;;
;;;;;;2350;1;1;RD;;6204;;;;;;;;6204;;180|0;;0;0;0;;0;;;;;;;;;;;;;;;;;;0;0;;
;;;;;;2350;1;1;RD;;6207;;;;;;;;6207;;180|0;;0;0;0;;0;;;;;;;;;;;;;;;;;;0;0;;
;;;;;;2350;1;1;BK;;6205;;;;;;;;6205;;180|0;;0;0;0;;0;;;;;;;;;;;;;;;;;;0;0;;
;;;;;;2350;1;1;BK;;6208;;;;;;;;6208;;180|0;;0;0;0;;0;;;;;;;;;;;;;;;;;;0;0;;
;;;;;;2300;1;0,75;BK;;2139;;;;;;;;2139;;0|0;;0;0;0;;0;;;;;;;;;;;;;;;;;;0;0;;
;;;;;;2300;1;0,75;BK;;2140;;;;;;;;2140;;0|0;;0;0;0;;0;;;;;;;;;;;;;;;;;;0;0;;
;;;;;;2300;1;0,75;BK;;2105;;;;;;;;2105;;0|0;;0;0;0;;0;;;;;;;;;;;;;;;;;;0;0;;
;;;;;;2300;1;0,75;BK;;2106;;;;;;;;2106;;0|0;;0;0;0;;0;;;;;;;;;;;;;;;;;;0;0;;
;;;;;;2300;1;0,75;BK;;2116;;;;;;;;2116;;0|0;;0;0;0;;0;;;;;;;;;;;;;;;;;;0;0;;
;;;;;;2300;1;0,75;BK;;2117;;;;;;;;2117;;0|0;;0;0;0;;0;;;;;;;;;;;;;;;;;;0;0;;
;;;;;;2300;1;0,75;BK;;2120;;;;;;;;2120;;0|0;;0;0;0;;0;;;;;;;;;;;;;;;;;;0;0;;
;;;;;;2350;1;0,75;BK;;2121;;;;;;;;2121;;0|0;;0;0;0;;0;;;;;;;;;;;;;;;;;;0;0;;
;;;;;;300;1;0,75;BU;;3138;;;;;;;;3138;;0|0;;0;0;0;;0;;;;;;;;;;;;;;;;;;0;0;;
;;;;;;300;1;0,75;BU;;3139;;;;;;;;3139;;0|0;;0;0;0;;0;;;;;;;;;;;;;;;;;;0;0;;
;;;;;;300;1;0,75;BU;;4301;;;;;;;;4301;;0|0;;0;0;0;;0;;;;;;;;;;;;;;;;;;0;0;;
;;;;;;300;1;0,75;BU;;4302;;;;;;;;4302;;0|0;;0;0;0;;0;;;;;;;;;;;;;;;;;;0;0;;
;;;;;;300;1;0,75;BU;;4341;;;;;;;;4341;;0|0;;0;0;0;;0;;;;;;;;;;;;;;;;;;0;0;;
;;;;;;300;1;0,75;BU;;4342;;;;;;;;4342;;0|0;;0;0;0;;0;;;;;;;;;;;;;;;;;;0;0;;
;;;;;;300;1;0,75;BU;;3104;;;;;;;;3104;;0|0;;0;0;0;;0;;;;;;;;;;;;;;;;;;0;0;;
;;;;;;300;1;0,75;BU;;3105;;;;;;;;3105;;0|0;;0;0;0;;0;;;;;;;;;;;;;;;;;;0;0;;
;;;;;;300;1;0,75;BU;;4303;;;;;;;;4303;;0|0;;0;0;0;;0;;;;;;;;;;;;;;;;;;0;0;;
;;;;;;300;1;0,75;BU;;4304;;;;;;;;4304;;0|0;;0;0;0;;0;;;;;;;;;;;;;;;;;;0;0;;
;;;;;;300;1;0,75;BU;;4343;;;;;;;;4343;;0|0;;0;0;0;;0;;;;;;;;;;;;;;;;;;0;0;;
;;;;;;300;1;0,75;BU;;4344;;;;;;;;4344;;0|0;;0;0;0;;0;;;;;;;;;;;;;;;;;;0;0;;
;;;;;;2400;1;0,75;BK;;2164;;;;;;;;2164;;0|0;;0;0;0;;0;;;;;;;;;;;;;;;;;;0;0;;
;;;;;;2400;1;0,75;BK;;2165;;;;;;;;2165;;0|0;;0;0;0;;0;;;;;;;;;;;;;;;;;;0;0;;
;;;;;;700;1;2,5;BN;;1101;;;;;;;;1101;;0|0;;0;0;0;;0;;;;;;;;;;;;;;;;;;0;0;;
;;;;;;700;1;2,5;WH;;1102;;;;;;;;1102;;0|0;;0;0;0;;0;;;;;;;;;;;;;;;;;;0;0;;
;;;;;;2000;1;2,5;GNYE;;1103;;;;;;;;1103;;0|0;;0;0;0;;0;;;;;;;;;;;;;;;;;;0;0;;
;;;;;;2000;1;0,75;BK;;2128;;;;;;;;2128;;0|0;;0;0;0;;0;;;;;;;;;;;;;;;;;;0;0;;
;;;;;;2000;1;0,75;BK;;2129;;;;;;;;2129;;0|0;;0;0;0;;0;;;;;;;;;;;;;;;;;;0;0;;
;;;;;;2000;1;0,75;BK;;2130;;;;;;;;2130;;0|0;;0;0;0;;0;;;;;;;;;;;;;;;;;;0;0;;
;;;;;;2000;1;0,75;BK;;2131;;;;;;;;2131;;0|0;;0;0;0;;0;;;;;;;;;;;;;;;;;;0;0;;
;;;;;;2300;1;0,75;BK;;3142;;;;;;;;3142;;180|0;;0;0;0;;0;;;;;;;;;;;;;;;;;;0;0;;
;;;;;;2300;1;0,75;BK;;3141;;;;;;;;3141;;180|0;;0;0;0;;0;;;;;;;;;;;;;;;;;;0;0;;
