;;;;;;400;1;2,5;RD;;1001;;;;;;;;1001;;0|0;;0;0;0;;0;;;;;;;;;;;;;;;;;;0;0;;
;;;;;;350;1;2,5;VT;;1002;;;;;;;;1002;;180|0;;0;0;0;;0;;;;;;;;;;;;;;;;;;0;0;;
;;;;;;300;1;2,5;OG;;1003;;;;;;;;1003;;0|180;;0;0;0;;0;;;;;;;;;;;;;;;;;;0;0;;
;;;;;;300;1;2,5;VT;;1004;;;;;;;;1004;;0|0;;0;0;0;;0;;;;;;;;;;;;;;;;;;0;0;;
;;;;;;450;1;4;BU;;1005;;;;;;;;1005;;0|0;;0;0;0;;0;;;;;;;;;;;;;;;;;;0;0;;
;;;;;;1000;1;1;RD;;1006;;;;;;;;1006;;0|180;;0;0;0;;0;;;;;;;;;;;;;;;;;;0;0;;
;;;;;;300;1;1;RD;;1018;;;;;;;;1018;;180|0;;0;0;0;;0;;;;;;;;;;;;;;;;;;0;0;;
;;;;;;350;1;2,5;RD;;1018;;;;;;;;1018;;0|0;;0;0;0;;0;;;;;;;;;;;;;;;;;;0;0;;
;;;;;;1300;1;1;BK;;1007;;;;;;;;1007;;180|0;;0;0;0;;0;;;;;;;;;;;;;;;;;;0;0;;
;;;;;;2150;1;0,75;RD;;1008;;;;;;;;1008;;0|0;;0;0;0;;0;;;;;;;;;;;;;;;;;;0;0;;
;;;;;;1000;1;1;BK;;1009;;;;;;;;1009;;0|0;;0;0;0;;0;;;;;;;;;;;;;;;;;;0;0;;
;;;;;;2200;1;1;RD;;1010;;;;;;;;1010;;0|0;;0;0;0;;0;;;;;;;;;;;;;;;;;;0;0;;
