;;;;;;1550;1;2,5;BN;;1104;;;;;;;;1104;;0|0;;0;0;0;;0;;;;;;;;;;;;;;;;;;0;0;;
;;;;;;1550;1;2,5;WH;;1105;;;;;;;;1105;;0|0;;0;0;0;;0;;;;;;;;;;;;;;;;;;0;0;;
;;;;;;700;1;2,5;BK;;1109;;;;;;;;1109;;0|0;;0;0;0;;0;;;;;;;;;;;;;;;;;;0;0;;
;;;;;;700;1;2,5;RD;;1108;;;;;;;;1108;;0|0;;0;0;0;;0;;;;;;;;;;;;;;;;;;0;0;;
;;;;;;750;1;1;BK;;1314;;;;;;;;1314;;0|180;;0;0;0;;0;;;;;;;;;;;;;;;;;;0;0;;
;;;;;;750;1;1;BK;;1312;;;;;;;;1312;;0|0;;0;0;0;;0;;;;;;;;;;;;;;;;;;0;0;;
;;;;;;750;1;1;RD;;1313;;;;;;;;1313;;0|180;;0;0;0;;0;;;;;;;;;;;;;;;;;;0;0;;
;;;;;;750;1;1;RD;;1311;;;;;;;;1311;;0|0;;0;0;0;;0;;;;;;;;;;;;;;;;;;0;0;;
;;;;;;800;1;1;BK;;8105;;;;;;;;8105;;0|0;;0;0;0;;0;;;;;;;;;;;;;;;;;;0;0;;
;;;;;;1150;1;1;WH;;8106;;;;;;;;8106;;0|0;;0;0;0;;0;;;;;;;;;;;;;;;;;;0;0;;
;;;;;;1100;1;1;RD;;1315;;;;;;;;1315;;0|0;;0;0;0;;0;;;;;;;;;;;;;;;;;;0;0;;
;;;;;;1100;1;1;BK;;1316;;;;;;;;1316;;0|0;;0;0;0;;0;;;;;;;;;;;;;;;;;;0;0;;
;;;;;;400;1;2,5;BN;;1106;;;;;;;;1106;;180|0;;0;0;0;;0;;;;;;;;;;;;;;;;;;0;0;;
;;;;;;400;1;2,5;WH;;1107;;;;;;;;1107;;180|0;;0;0;0;;0;;;;;;;;;;;;;;;;;;0;0;;
;;;;;;850;1;2,5;BK;;1309;;;;;;;;1309;;0|0;;0;0;0;;0;;;;;;;;;;;;;;;;;;0;0;;
;;;;;;850;1;2,5;RD;;1304;;;;;;;;1304;;0|0;;0;0;0;;0;;;;;;;;;;;;;;;;;;0;0;;
;;;;;;1150;1;0,75;BK;;3301;;;;;;;;3301;;0|0;;0;0;0;;0;;;;;;;;;;;;;;;;;;0;0;;
;;;;;;1100;1;0,75;BK;;1602;;;;;;;;1602;;0|0;;0;0;0;;0;;;;;;;;;;;;;;;;;;0;0;;
;;;;;;1150;1;0,75;BK;;3303;;;;;;;;3303;;0|0;;0;0;0;;0;;;;;;;;;;;;;;;;;;0;0;;
;;;;;;800;1;0,75;BK;;1604;;;;;;;;1604;;0|0;;0;0;0;;0;;;;;;;;;;;;;;;;;;0;0;;
;;;;;;1150;1;0,75;BK;;3305;;;;;;;;3305;;0|0;;0;0;0;;0;;;;;;;;;;;;;;;;;;0;0;;
;;;;;;1100;1;0,75;BK;;1606;;;;;;;;1606;;180|0;;0;0;0;;0;;;;;;;;;;;;;;;;;;0;0;;
;;;;;;1150;1;0,75;BK;;3307;;;;;;;;3307;;180|0;;0;0;0;;0;;;;;;;;;;;;;;;;;;0;0;;
;;;;;;800;1;0,75;BK;;1608;;;;;;;;1608;;180|0;;0;0;0;;0;;;;;;;;;;;;;;;;;;0;0;;
;;;;;;1150;1;0,75;BK;;3309;;;;;;;;3309;;180|0;;0;0;0;;0;;;;;;;;;;;;;;;;;;0;0;;
;;;;;;1100;1;0,75;BK;;1610;;;;;;;;1610;;180|0;;0;0;0;;0;;;;;;;;;;;;;;;;;;0;0;;
;;;;;;1150;1;0,75;BK;;3311;;;;;;;;3311;;180|0;;0;0;0;;0;;;;;;;;;;;;;;;;;;0;0;;
;;;;;;800;1;0,75;BK;;1612;;;;;;;;1612;;180|0;;0;0;0;;0;;;;;;;;;;;;;;;;;;0;0;;
;;;;;;1200;1;0,75;BK;;3313;;;;;;;;3313;;180|0;;0;0;0;;0;;;;;;;;;;;;;;;;;;0;0;;
;;;;;;1150;1;0,75;BK;;1614;;;;;;;;1614;;180|0;;0;0;0;;0;;;;;;;;;;;;;;;;;;0;0;;
;;;;;;1200;1;0,75;BK;;3315;;;;;;;;3315;;180|0;;0;0;0;;0;;;;;;;;;;;;;;;;;;0;0;;
;;;;;;850;1;0,75;BK;;1616;;;;;;;;1616;;180|0;;0;0;0;;0;;;;;;;;;;;;;;;;;;0;0;;
;;;;;;900;1;2,5;OG;;1201;;;;;;;;1201;;0|0;;0;0;0;;0;;;;;;;;;;;;;;;;;;0;0;;
;;;;;;450;1;2,5;RD;;1207;;;;;;;;1207;;0|180;;0;0;0;;0;;;;;;;;;;;;;;;;;;0;0;;
;;;;;;500;1;1;RD;;1305;;;;;;;;1305;;0|180;;0;0;0;;0;;;;;;;;;;;;;;;;;;0;0;;
;;;;;;900;1;1;BK;;8101;;;;;;;;8101;;0|0;;0;0;0;;0;;;;;;;;;;;;;;;;;;0;0;;
;;;;;;2400;1;0,75;BK;;2114;;;;;;;;2114;;0|0;;0;0;0;;0;;;;;;;;;;;;;;;;;;0;0;;
;;;;;;400;1;1;RD;;6101;;;;;;;;6101;;0|180;;0;0;0;;0;;;;;;;;;;;;;;;;;;0;0;;
;;;;;;500;1;1;RD;;6101;;;;;;;;6101;;0|180;;0;0;0;;0;;;;;;;;;;;;;;;;;;0;0;;
;;;;;;400;1;1;RD;;6104;;;;;;;;6104;;0|180;;0;0;0;;0;;;;;;;;;;;;;;;;;;0;0;;
;;;;;;500;1;1;RD;;6104;;;;;;;;6104;;0|180;;0;0;0;;0;;;;;;;;;;;;;;;;;;0;0;;
;;;;;;900;1;1;BK;;8102;;;;;;;;8102;;0|0;;0;0;0;;0;;;;;;;;;;;;;;;;;;0;0;;
;;;;;;2400;1;0,75;BK;;2115;;;;;;;;2115;;0|0;;0;0;0;;0;;;;;;;;;;;;;;;;;;0;0;;
;;;;;;400;1;1;BK;;1310;;;;;;;;1310;;0|180;;0;0;0;;0;;;;;;;;;;;;;;;;;;0;0;;
;;;;;;900;1;1;BK;;1310;;;;;;;;1310;;0|0;;0;0;0;;0;;;;;;;;;;;;;;;;;;0;0;;
;;;;;;2450;1;0,75;BK;;2142;;;;;;;;2142;;0|0;;0;0;0;;0;;;;;;;;;;;;;;;;;;0;0;;
;;;;;;850;1;1;RD;;1617;;;;;;;;1617;;0|0;;0;0;0;;0;;;;;;;;;;;;;;;;;;0;0;;
;;;;;;750;1;2,5;OG;;1203;;;;;;;;1203;;0|0;;0;0;0;;0;;;;;;;;;;;;;;;;;;0;0;;
;;;;;;1000;1;2,5;VT;;1202;;;;;;;;1202;;0|0;;0;0;0;;0;;;;;;;;;;;;;;;;;;0;0;;
;;;;;;2450;1;0,75;BK;;2112;;;;;;;;2112;;0|0;;0;0;0;;0;;;;;;;;;;;;;;;;;;0;0;;
;;;;;;800;1;2,5;RD;;1301;;;;;;;;1301;;0|0;;0;0;0;;0;;;;;;;;;;;;;;;;;;0;0;;
;;;;;;950;1;2,5;BK;;1208;;;;;;;;1208;;0|0;;0;0;0;;0;;;;;;;;;;;;;;;;;;0;0;;
;;;;;;2600;1;0,75;BK;;2151;;;;;;;;2151;;180|0;;0;0;0;;0;;;;;;;;;;;;;;;;;;0;0;;
;;;;;;2600;1;0,75;BK;;2153;;;;;;;;2153;;180|0;;0;0;0;;0;;;;;;;;;;;;;;;;;;0;0;;
;;;;;;2600;1;0,75;BK;;2155;;;;;;;;2155;;180|0;;0;0;0;;0;;;;;;;;;;;;;;;;;;0;0;;
;;;;;;1350;1;1;BK;;4306;;;;;;;;4306;;180|0;;0;0;0;;0;;;;;;;;;;;;;;;;;;0;0;;
;;;;;;2600;1;0,75;BK;;2150;;;;;;;;2150;;180|0;;0;0;0;;0;;;;;;;;;;;;;;;;;;0;0;;
;;;;;;2600;1;0,75;BK;;2152;;;;;;;;2152;;180|0;;0;0;0;;0;;;;;;;;;;;;;;;;;;0;0;;
;;;;;;2600;1;0,75;BK;;2154;;;;;;;;2154;;180|0;;0;0;0;;0;;;;;;;;;;;;;;;;;;0;0;;
;;;;;;1350;1;1;RD;;4305;;;;;;;;4305;;180|0;;0;0;0;;0;;;;;;;;;;;;;;;;;;0;0;;
;;;;;;2550;1;1;RD;;6102;;;;;;;;6102;;180|0;;0;0;0;;0;;;;;;;;;;;;;;;;;;0;0;;
;;;;;;2550;1;1;RD;;6201;;;;;;;;6201;;180|0;;0;0;0;;0;;;;;;;;;;;;;;;;;;0;0;;
;;;;;;2550;1;1;BK;;6103;;;;;;;;6103;;180|0;;0;0;0;;0;;;;;;;;;;;;;;;;;;0;0;;
;;;;;;2550;1;1;BK;;6202;;;;;;;;6202;;180|0;;0;0;0;;0;;;;;;;;;;;;;;;;;;0;0;;
;;;;;;2550;1;0,75;BK;;3102;;;;;;;;3102;;180|0;;0;0;0;;0;;;;;;;;;;;;;;;;;;0;0;;
;;;;;;2550;1;0,75;BK;;3101;;;;;;;;3101;;180|0;;0;0;0;;0;;;;;;;;;;;;;;;;;;0;0;;
;;;;;;1000;1;2,5;OG;;1204;;;;;;;;1204;;180|0;;0;0;0;;0;;;;;;;;;;;;;;;;;;0;0;;
;;;;;;1200;1;2,5;VT;;1206;;;;;;;;1206;;180|0;;0;0;0;;0;;;;;;;;;;;;;;;;;;0;0;;
;;;;;;2650;1;0,75;BK;;2111;;;;;;;;2111;;180|0;;0;0;0;;0;;;;;;;;;;;;;;;;;;0;0;;
;;;;;;2700;1;2,5;RD;;1302;;;;;;;;1302;;180|0;;0;0;0;;0;;;;;;;;;;;;;;;;;;0;0;;
;;;;;;2700;1;2,5;RD;;1303;;;;;;;;1303;;180|0;;0;0;0;;0;;;;;;;;;;;;;;;;;;0;0;;
;;;;;;2700;1;1;BK;;1307;;;;;;;;1307;;180|0;;0;0;0;;0;;;;;;;;;;;;;;;;;;0;0;;
;;;;;;2700;1;1;RD;;1306;;;;;;;;1306;;180|0;;0;0;0;;0;;;;;;;;;;;;;;;;;;0;0;;
;;;;;;1100;1;1;BK;;1319;;;;;;;;1319;;180|0;;0;0;0;;0;;;;;;;;;;;;;;;;;;0;0;;
;;;;;;400;1;1;BK;;1308;;;;;;;;1308;;180|0;;0;0;0;;0;;;;;;;;;;;;;;;;;;0;0;;
;;;;;;2650;1;0,75;BK;;2116;;;;;;;;2116;;0|0;;0;0;0;;0;;;;;;;;;;;;;;;;;;0;0;;
;;;;;;2650;1;0,75;BK;;2117;;;;;;;;2117;;0|0;;0;0;0;;0;;;;;;;;;;;;;;;;;;0;0;;
;;;;;;2650;1;0,75;BK;;2118;;;;;;;;2118;;0|0;;0;0;0;;0;;;;;;;;;;;;;;;;;;0;0;;
;;;;;;2650;1;0,75;BK;;2119;;;;;;;;2119;;0|0;;0;0;0;;0;;;;;;;;;;;;;;;;;;0;0;;
;;;;;;650;1;0,75;BU;;4301;;;;;;;;4301;;0|0;;0;0;0;;0;;;;;;;;;;;;;;;;;;0;0;;
;;;;;;650;1;0,75;BU;;4303;;;;;;;;4303;;0|0;;0;0;0;;0;;;;;;;;;;;;;;;;;;0;0;;
;;;;;;600;1;0,75;BU;;4302;;;;;;;;4302;;0|0;;0;0;0;;0;;;;;;;;;;;;;;;;;;0;0;;
;;;;;;600;1;0,75;BU;;4304;;;;;;;;4304;;0|0;;0;0;0;;0;;;;;;;;;;;;;;;;;;0;0;;
;;;;;;900;1;1;RD;;1317;;;;;;;;1317;;0|0;;0;0;0;;0;;;;;;;;;;;;;;;;;;0;0;;
;;;;;;900;1;1;BK;;1318;;;;;;;;1318;;0|0;;0;0;0;;0;;;;;;;;;;;;;;;;;;0;0;;
;;;;;;600;1;1;RD;;1601;;;;;;;;1601;;0|0;;0;0;0;;0;;;;;;;;;;;;;;;;;;0;0;;
;;;;;;950;1;1;RD;;1603;;;;;;;;1603;;0|0;;0;0;0;;0;;;;;;;;;;;;;;;;;;0;0;;
;;;;;;600;1;1;RD;;1605;;;;;;;;1605;;0|0;;0;0;0;;0;;;;;;;;;;;;;;;;;;0;0;;
;;;;;;900;1;1;RD;;1607;;;;;;;;1607;;0|0;;0;0;0;;0;;;;;;;;;;;;;;;;;;0;0;;
;;;;;;600;1;1;RD;;1609;;;;;;;;1609;;0|0;;0;0;0;;0;;;;;;;;;;;;;;;;;;0;0;;
;;;;;;900;1;1;RD;;1611;;;;;;;;1611;;0|0;;0;0;0;;0;;;;;;;;;;;;;;;;;;0;0;;
;;;;;;600;1;1;RD;;1613;;;;;;;;1613;;0|0;;0;0;0;;0;;;;;;;;;;;;;;;;;;0;0;;
;;;;;;850;1;1;RD;;1615;;;;;;;;1615;;0|0;;0;0;0;;0;;;;;;;;;;;;;;;;;;0;0;;
;;;;;;950;1;1;RD;;1619;;;;;;;;1619;;0|0;;0;0;0;;0;;;;;;;;;;;;;;;;;;0;0;;
;;;;;;2450;1;0,75;BK;;2105;;;;;;;;2105;;0|0;;0;0;0;;0;;;;;;;;;;;;;;;;;;0;0;;
;;;;;;2350;1;1;BK;;8103;;;;;;;;8103;;0|0;;0;0;0;;0;;;;;;;;;;;;;;;;;;0;0;;
;;;;;;2400;1;1;WH;;8104;;;;;;;;8104;;0|0;;0;0;0;;0;;;;;;;;;;;;;;;;;;0;0;;
;;;;;;2200;1;1;BK;;8105;;;;;;;;8105;;0|0;;0;0;0;;0;;;;;;;;;;;;;;;;;;0;0;;
;;;;;;2200;1;1;WH;;8106;;;;;;;;8106;;0|0;;0;0;0;;0;;;;;;;;;;;;;;;;;;0;0;;
