;;;;;;NaN;1;2,5;RD;;1001;;;;;;;;1001;;0|0;;0;0;0;;0;;;;;;;;;;;;;;;;;;0;0;;
;;;;;;NaN;1;2,5;VT;;1002;;;;;;;;1002;;180|0;;0;0;0;;0;;;;;;;;;;;;;;;;;;0;0;;
;;;;;;NaN;1;2,5;OG;;1003;;;;;;;;1003;;0|180;;0;0;0;;0;;;;;;;;;;;;;;;;;;0;0;;
;;;;;;NaN;1;2,5;VT;;1004;;;;;;;;1004;;0|0;;0;0;0;;0;;;;;;;;;;;;;;;;;;0;0;;
;;;;;;NaN;1;4;BU;;1005;;;;;;;;1005;;0|0;;0;0;0;;0;;;;;;;;;;;;;;;;;;0;0;;
;;;;;;1000;1;1;RD;;1006;;;;;;;;1006;;0|180;;0;0;0;;0;;;;;;;;;;;;;;;;;;0;0;;
;;;;;;NaN;1;1;RD;;1018;;;;;;;;1018;;180|0;;0;0;0;;0;;;;;;;;;;;;;;;;;;0;0;;
;;;;;;NaN;1;2,5;RD;;1018;;;;;;;;1018;;0|0;;0;0;0;;0;;;;;;;;;;;;;;;;;;0;0;;
;;;;;;1300;1;1;BK;;1007;;;;;;;;1007;;180|0;;0;0;0;;0;;;;;;;;;;;;;;;;;;0;0;;
;;;;;;2150;1;0,75;RD;;1008;;;;;;;;1008;;0|0;;0;0;0;;0;;;;;;;;;;;;;;;;;;0;0;;
;;;;;;NaN;1;1;BK;;1009;;;;;;;;1009;;0|0;;0;0;0;;0;;;;;;;;;;;;;;;;;;0;0;;
;;;;;;NaN;1;1;RD;;1010;;;;;;;;1010;;0|0;;0;0;0;;0;;;;;;;;;;;;;;;;;;0;0;;
;;;;;;600;1;2,5;BN;;1101;;;;;;;;1101;;0|0;;0;0;0;;0;;;;;;;;;;;;;;;;;;0;0;;
;;;;;;2250;1;1;BK;;1102;;;;;;;;1102;;0|0;;0;0;0;;0;;;;;;;;;;;;;;;;;;0;0;;
;;;;;;2000;1;1;RD;;1103;;;;;;;;1103;;0|0;;0;0;0;;0;;;;;;;;;;;;;;;;;;0;0;;
;;;;;;2000;1;2,5;OG;;1104;;;;;;;;1104;;0|0;;0;0;0;;0;;;;;;;;;;;;;;;;;;0;0;;
;;;;;;NaN;1;6;BK;;1201;;;;;;;;1201;;0|0;;0;0;0;;0;;;;;;;;;;;;;;;;;;0;0;;
