;;;;;;850;1;2,5;RD;;1215;;;;;;;;1215;;0|0;;0;0;0;;0;;;;;;;;;;;;;;;;;;0;0;;
;;;;;;550;1;1;RD;;6104;;;;;;;;6104;;0|180;;0;0;0;;0;;;;;;;;;;;;;;;;;;0;0;;
;;;;;;750;1;1;RD;;6104;;;;;;;;6104;;0|0;;0;0;0;;0;;;;;;;;;;;;;;;;;;0;0;;
;;;;;;800;1;1;RD;;6104;;;;;;;;6104;;0|0;;0;0;0;;0;;;;;;;;;;;;;;;;;;0;0;;
;;;;;;850;1;1;BK;;1216;;;;;;;;1216;;0|0;;0;0;0;;0;;;;;;;;;;;;;;;;;;0;0;;
;;;;;;2600;1;2,5;BK;;1216;;;;;;;;1216;;180|0;;0;0;0;;0;;;;;;;;;;;;;;;;;;0;0;;
;;;;;;350;1;1;BK;;1315;;;;;;;;1315;;0|180;;0;0;0;;0;;;;;;;;;;;;;;;;;;0;0;;
;;;;;;2100;1;1;BK;;1602;;;;;;;;1602;;0|0;;0;0;0;;0;;;;;;;;;;;;;;;;;;0;0;;
;;;;;;350;1;1;RD;;1314;;;;;;;;1314;;0|180;;0;0;0;;0;;;;;;;;;;;;;;;;;;0;0;;
;;;;;;2100;1;1;RD;;1601;;;;;;;;1601;;0|0;;0;0;0;;0;;;;;;;;;;;;;;;;;;0;0;;
;;;;;;2550;1;2,5;RD;;1225;;;;;;;;1225;;180|0;;0;0;0;;0;;;;;;;;;;;;;;;;;;0;0;;
;;;;;;550;1;1;RD;;6203;;;;;;;;6203;;180|0;;0;0;0;;0;;;;;;;;;;;;;;;;;;0;0;;
;;;;;;850;1;2,5;BK;;1309;;;;;;;;1309;;0|0;;0;0;0;;0;;;;;;;;;;;;;;;;;;0;0;;
;;;;;;800;1;2,5;RD;;1316;;;;;;;;1316;;0|0;;0;0;0;;0;;;;;;;;;;;;;;;;;;0;0;;
;;;;;;450;1;1;RD;;1318;;;;;;;;1318;;0|0;;0;0;0;;0;;;;;;;;;;;;;;;;;;0;0;;
;;;;;;350;1;1;RD;;1318;;;;;;;;1318;;0|180;;0;0;0;;0;;;;;;;;;;;;;;;;;;0;0;;
;;;;;;450;1;1;BK;;1319;;;;;;;;1319;;0|0;;0;0;0;;0;;;;;;;;;;;;;;;;;;0;0;;
;;;;;;350;1;1;BK;;1319;;;;;;;;1319;;0|180;;0;0;0;;0;;;;;;;;;;;;;;;;;;0;0;;
;;;;;;750;1;1;RD;;1320;;;;;;;;1320;;0|0;;0;0;0;;0;;;;;;;;;;;;;;;;;;0;0;;
;;;;;;350;1;1;RD;;1320;;;;;;;;1320;;0|180;;0;0;0;;0;;;;;;;;;;;;;;;;;;0;0;;
;;;;;;650;1;1;BK;;1302;;;;;;;;1302;;180|0;;0;0;0;;0;;;;;;;;;;;;;;;;;;0;0;;
;;;;;;2200;1;2,5;OG;;1201;;;;;;;;1201;;0|0;;0;0;0;;0;;;;;;;;;;;;;;;;;;0;0;;
;;;;;;750;1;2,5;RD;;1206;;;;;;;;1206;;0|0;;0;0;0;;0;;;;;;;;;;;;;;;;;;0;0;;
;;;;;;500;1;1;RD;;1307;;;;;;;;1307;;0|180;;0;0;0;;0;;;;;;;;;;;;;;;;;;0;0;;
;;;;;;750;1;1;RD;;1217;;;;;;;;1217;;0|0;;0;0;0;;0;;;;;;;;;;;;;;;;;;0;0;;
;;;;;;2300;1;0,75;BK;;2114;;;;;;;;2114;;0|0;;0;0;0;;0;;;;;;;;;;;;;;;;;;0;0;;
;;;;;;350;1;1;RD;;6101;;;;;;;;6101;;0|180;;0;0;0;;0;;;;;;;;;;;;;;;;;;0;0;;
;;;;;;500;1;1;RD;;6101;;;;;;;;6101;;0|180;;0;0;0;;0;;;;;;;;;;;;;;;;;;0;0;;
;;;;;;350;1;1;RD;;6103;;;;;;;;6103;;0|180;;0;0;0;;0;;;;;;;;;;;;;;;;;;0;0;;
;;;;;;500;1;1;RD;;6103;;;;;;;;6103;;0|180;;0;0;0;;0;;;;;;;;;;;;;;;;;;0;0;;
;;;;;;2300;1;0,75;BK;;2115;;;;;;;;2115;;0|0;;0;0;0;;0;;;;;;;;;;;;;;;;;;0;0;;
;;;;;;350;1;1;BK;;1310;;;;;;;;1310;;0|180;;0;0;0;;0;;;;;;;;;;;;;;;;;;0;0;;
;;;;;;900;1;1;BK;;1310;;;;;;;;1310;;0|0;;0;0;0;;0;;;;;;;;;;;;;;;;;;0;0;;
;;;;;;2350;1;0,75;BK;;2142;;;;;;;;2142;;0|0;;0;0;0;;0;;;;;;;;;;;;;;;;;;0;0;;
;;;;;;2350;1;0,75;BK;;2139;;;;;;;;2139;;0|0;;0;0;0;;0;;;;;;;;;;;;;;;;;;0;0;;
;;;;;;700;1;2,5;OG;;1203;;;;;;;;1203;;0|0;;0;0;0;;0;;;;;;;;;;;;;;;;;;0;0;;
;;;;;;2400;1;2,5;VT;;1202;;;;;;;;1202;;0|0;;0;0;0;;0;;;;;;;;;;;;;;;;;;0;0;;
;;;;;;400;1;2,5;BK;;1207;;;;;;;;1207;;0|180;;0;0;0;;0;;;;;;;;;;;;;;;;;;0;0;;
;;;;;;800;1;2,5;RD;;1317;;;;;;;;1317;;0|0;;0;0;0;;0;;;;;;;;;;;;;;;;;;0;0;;
;;;;;;1050;1;1;BK;;1308;;;;;;;;1308;;0|0;;0;0;0;;0;;;;;;;;;;;;;;;;;;0;0;;
;;;;;;2450;1;0,75;BK;;2151;;;;;;;;2151;;180|0;;0;0;0;;0;;;;;;;;;;;;;;;;;;0;0;;
;;;;;;2450;1;0,75;BK;;2153;;;;;;;;2153;;180|0;;0;0;0;;0;;;;;;;;;;;;;;;;;;0;0;;
;;;;;;2450;1;0,75;BK;;2161;;;;;;;;2161;;180|0;;0;0;0;;0;;;;;;;;;;;;;;;;;;0;0;;
;;;;;;2500;1;1;BK;;4306;;;;;;;;4306;;180|0;;0;0;0;;0;;;;;;;;;;;;;;;;;;0;0;;
;;;;;;2450;1;0,75;BK;;2150;;;;;;;;2150;;180|0;;0;0;0;;0;;;;;;;;;;;;;;;;;;0;0;;
;;;;;;2450;1;0,75;BK;;2152;;;;;;;;2152;;180|0;;0;0;0;;0;;;;;;;;;;;;;;;;;;0;0;;
;;;;;;2450;1;0,75;BK;;2160;;;;;;;;2160;;180|0;;0;0;0;;0;;;;;;;;;;;;;;;;;;0;0;;
;;;;;;2500;1;1;RD;;4305;;;;;;;;4305;;180|0;;0;0;0;;0;;;;;;;;;;;;;;;;;;0;0;;
;;;;;;2500;1;1;RD;;6102;;;;;;;;6102;;180|0;;0;0;0;;0;;;;;;;;;;;;;;;;;;0;0;;
;;;;;;2500;1;1;RD;;6201;;;;;;;;6201;;180|0;;0;0;0;;0;;;;;;;;;;;;;;;;;;0;0;;
;;;;;;2500;1;1;BK;;6202;;;;;;;;6202;;180|0;;0;0;0;;0;;;;;;;;;;;;;;;;;;0;0;;
;;;;;;2500;1;0,75;BK;;3102;;;;;;;;3102;;180|0;;0;0;0;;0;;;;;;;;;;;;;;;;;;0;0;;
;;;;;;2500;1;0,75;RD;;3101;;;;;;;;3101;;180|0;;0;0;0;;0;;;;;;;;;;;;;;;;;;0;0;;
;;;;;;2550;1;2,5;OG;;1204;;;;;;;;1204;;180|0;;0;0;0;;0;;;;;;;;;;;;;;;;;;0;0;;
;;;;;;2550;1;2,5;VT;;1205;;;;;;;;1205;;180|0;;0;0;0;;0;;;;;;;;;;;;;;;;;;0;0;;
;;;;;;2600;1;2,5;RD;;1301;;;;;;;;1301;;180|0;;0;0;0;;0;;;;;;;;;;;;;;;;;;0;0;;
;;;;;;2600;1;2,5;RD;;1303;;;;;;;;1303;;180|0;;0;0;0;;0;;;;;;;;;;;;;;;;;;0;0;;
;;;;;;2600;1;1;BK;;1402;;;;;;;;1402;;180|0;;0;0;0;;0;;;;;;;;;;;;;;;;;;0;0;;
;;;;;;2600;1;1;RD;;1401;;;;;;;;1401;;180|0;;0;0;0;;0;;;;;;;;;;;;;;;;;;0;0;;
;;;;;;2550;1;0,75;BK;;2105;;;;;;;;2105;;0|0;;0;0;0;;0;;;;;;;;;;;;;;;;;;0;0;;
;;;;;;2550;1;0,75;BK;;2106;;;;;;;;2106;;0|0;;0;0;0;;0;;;;;;;;;;;;;;;;;;0;0;;
;;;;;;2550;1;0,75;BK;;2118;;;;;;;;2118;;0|0;;0;0;0;;0;;;;;;;;;;;;;;;;;;0;0;;
;;;;;;2550;1;0,75;BK;;2119;;;;;;;;2119;;0|0;;0;0;0;;0;;;;;;;;;;;;;;;;;;0;0;;
;;;;;;2550;1;0,75;BK;;2102;;;;;;;;2102;;0|0;;0;0;0;;0;;;;;;;;;;;;;;;;;;0;0;;
;;;;;;2550;1;0,75;BK;;2103;;;;;;;;2103;;0|0;;0;0;0;;0;;;;;;;;;;;;;;;;;;0;0;;
;;;;;;2550;1;0,75;BK;;2116;;;;;;;;2116;;0|0;;0;0;0;;0;;;;;;;;;;;;;;;;;;0;0;;
;;;;;;2550;1;0,75;BK;;2117;;;;;;;;2117;;0|0;;0;0;0;;0;;;;;;;;;;;;;;;;;;0;0;;
;;;;;;700;1;0,75;BU;;3201;;;;;;;;3201;;0|0;;0;0;0;;0;;;;;;;;;;;;;;;;;;0;0;;
;;;;;;650;1;0,75;BU;;3203;;;;;;;;3203;;0|0;;0;0;0;;0;;;;;;;;;;;;;;;;;;0;0;;
;;;;;;700;1;0,75;BU;;3202;;;;;;;;3202;;0|0;;0;0;0;;0;;;;;;;;;;;;;;;;;;0;0;;
;;;;;;700;1;0,75;BU;;3204;;;;;;;;3204;;0|0;;0;0;0;;0;;;;;;;;;;;;;;;;;;0;0;;
;;;;;;650;1;0,75;BU;;4301;;;;;;;;4301;;0|0;;0;0;0;;0;;;;;;;;;;;;;;;;;;0;0;;
;;;;;;600;1;0,75;BU;;4303;;;;;;;;4303;;0|0;;0;0;0;;0;;;;;;;;;;;;;;;;;;0;0;;
;;;;;;650;1;0,75;BU;;4302;;;;;;;;4302;;0|0;;0;0;0;;0;;;;;;;;;;;;;;;;;;0;0;;
;;;;;;650;1;0,75;BU;;4304;;;;;;;;4304;;0|0;;0;0;0;;0;;;;;;;;;;;;;;;;;;0;0;;
