modelo;nombre;alias;x_mm;y_mm;radio_mm;lado;fuente
NDR-240-24;TB2-1;1 (-)|1(-)|-V;19.78;8.69;2.85;ARRIBA;hoja
NDR-240-24;TB2-2;2 (-)|2(-)|-V;25.94;8.69;2.85;ARRIBA;hoja
NDR-240-24;TB2-3;3 (+)|3(+)|+V;32.11;8.69;2.85;ARRIBA;hoja
NDR-240-24;TB2-4;4 (+)|4(+)|+V;38.28;8.69;2.85;ARRIBA;hoja
NDR-240-24;TB1-1;⏚ 1|⏚1|FG|PE|⏚|T;26.21;116.80;3.16;ABAJO;hoja
NDR-240-24;TB1-2;N-2|N 2|N|AC/N;33.64;116.80;3.16;ABAJO;hoja
NDR-240-24;TB1-3;L-3|L 3|L|AC/L;41.07;116.80;3.16;ABAJO;hoja
NDR-120-24;TB2-1;1 (-)|1(-)|-V;7.80;9.05;2.15;ARRIBA;hoja
NDR-120-24;TB2-2;2 (-)|2(-)|-V;14.26;9.05;2.15;ARRIBA;hoja
NDR-120-24;TB2-3;3 (+)|3(+)|+V;20.65;9.05;2.15;ARRIBA;hoja
NDR-120-24;TB2-4;4 (+)|4(+)|+V;27.14;9.05;2.15;ARRIBA;hoja
NDR-120-24;TB1-1;⏚ 1|⏚1|FG|PE|⏚|T;14.10;116.84;3.25;ABAJO;hoja
NDR-120-24;TB1-2;N-2|N 2|N|AC/N;22.03;116.84;3.25;ABAJO;hoja
NDR-120-24;TB1-3;L-3|L 3|L|AC/L;29.94;116.84;3.25;ABAJO;hoja
DDR-120A-24;TB2-1;-Vo|-VO|1 (-);6.94;9.10;2.17;ARRIBA;hoja
DDR-120A-24;TB2-2;-Vo|-VO|2 (-);12.14;9.10;2.17;ARRIBA;hoja
DDR-120A-24;TB2-3;+Vo|+VO|3 (+);17.44;9.10;2.17;ARRIBA;hoja
DDR-120A-24;TB2-4;+Vo|+VO|4 (+);22.70;9.10;2.17;ARRIBA;hoja
DDR-120A-24;TB1-1;FG|⏚|PE|⏚ 1;11.14;115.54;2.16;ABAJO;hoja
DDR-120A-24;TB1-2;-Vin|-VIN;16.32;115.54;2.16;ABAJO;hoja
DDR-120A-24;TB1-3;+Vin|+VIN;21.53;115.54;2.16;ABAJO;hoja
EZ9R36225;N ARRIBA;N ARRIBA|N1;8.49;8.00;3.50;ARRIBA;bloque
EZ9R36225;F ARRIBA;F ARRIBA|L ARRIBA|1;25.99;8.00;3.50;ARRIBA;bloque
EZ9R36225;N ABAJO;N ABAJO|N2;8.49;77.00;3.50;ABAJO;bloque
EZ9R36225;F ABAJO;F ABAJO|L ABAJO|2;25.99;77.00;3.50;ABAJO;bloque
EZ9F34210;F ARRIBA;F ARRIBA|L ARRIBA|1;8.49;8.00;3.50;ARRIBA;bloque
EZ9F34210;N ARRIBA;N ARRIBA|3;25.99;8.00;3.50;ARRIBA;bloque
EZ9F34210;F ABAJO;F ABAJO|L ABAJO|2;8.49;77.00;3.50;ABAJO;bloque
EZ9F34210;N ABAJO;N ABAJO|4;25.99;77.00;3.50;ABAJO;bloque
DF101;ARRIBA;ARRIBA|1|ENTRADA;8.75;11.19;2.71;ARRIBA;bloque
DF101;ABAJO;ABAJO|2|SALIDA;8.75;71.38;2.71;ABAJO;bloque
PTTB4-HESI-3211886;ext_ARRIBA;;3.18;7.46;2.00;ARRIBA;bloque
PTTB4-HESI-3211886;int_ARRIBA;;3.18;33.52;2.00;ARRIBA;bloque
PTTB4-HESI-3211886;int_ABAJO;;3.18;77.75;2.00;ABAJO;bloque
PTTB4-HESI-3211886;ext_ABAJO;;3.18;94.56;2.00;ABAJO;bloque
TOMA-IRAM-VIVION;N;N;9.59;66.42;2.00;ABAJO;foto
TOMA-IRAM-VIVION;PE;PE|T|⏚;16.28;66.42;2.00;ABAJO;foto
TOMA-IRAM-VIVION;L;L|F;22.97;66.42;2.00;ABAJO;foto
MEGA-BASE;E1;ABAJO|BAT|1;11.48;11.97;4.00;IZQUIERDA;bloque
MEGA-BASE;E2;ARRIBA|2;73.33;11.97;4.00;DERECHA;bloque
RIF-0-RPT-12DC/21;11;11|C;3.05;4.87;2.02;ARRIBA;bloque
RIF-0-RPT-12DC/21;14;14|NO|NA;3.05;13.87;2.02;ARRIBA;bloque
RIF-0-RPT-12DC/21;12;12|NC;3.05;22.86;2.02;ARRIBA;bloque
RIF-0-RPT-12DC/21;A1;A1|A1+;3.05;77.84;2.02;ABAJO;bloque
RIF-0-RPT-12DC/21;A2;A2|A2-;3.05;86.83;2.02;ABAJO;bloque
RIF-0-RPT-24DC/21;11;11|C;3.05;4.87;2.02;ARRIBA;bloque
RIF-0-RPT-24DC/21;14;14|NO|NA;3.05;13.87;2.02;ARRIBA;bloque
RIF-0-RPT-24DC/21;12;12|NC;3.05;22.86;2.02;ARRIBA;bloque
RIF-0-RPT-24DC/21;A1;A1|A1+;3.05;77.84;2.02;ABAJO;bloque
RIF-0-RPT-24DC/21;A2;A2|A2-;3.05;86.83;2.02;ABAJO;bloque
PT6-QUATTRO-3212934;1;;4.10;7.07;2.50;ARRIBA;bloque
PT6-QUATTRO-3212934;2;;4.10;23.47;2.50;ARRIBA;bloque
PT6-QUATTRO-3212934;3;;4.10;67.05;2.50;ABAJO;bloque
PT6-QUATTRO-3212934;4;;4.10;83.45;2.50;ABAJO;bloque
PTT2,5-2MT-3210258;impar_ARRIBA;;2.82;5.07;1.50;ARRIBA;bloque
PTT2,5-2MT-3210258;par_ARRIBA;;2.79;20.94;1.50;ARRIBA;bloque
PTT2,5-2MT-3210258;par_ABAJO;;2.68;71.06;1.50;ABAJO;bloque
PTT2,5-2MT-3210258;impar_ABAJO;;2.64;87.13;1.50;ABAJO;bloque
PTT2,5-2MT-BU-3210265;impar_ARRIBA;;2.82;5.07;1.50;ARRIBA;bloque
PTT2,5-2MT-BU-3210265;par_ARRIBA;;2.79;20.94;1.50;ARRIBA;bloque
PTT2,5-2MT-BU-3210265;par_ABAJO;;2.68;71.06;1.50;ABAJO;bloque
PTT2,5-2MT-BU-3210265;impar_ABAJO;;2.64;87.13;1.50;ABAJO;bloque
PT2,5-DIO/L-R-3210224;catodo;ABAJO|K|-;2.77;5.66;2.00;ARRIBA;bloque
PT2,5-DIO/L-R-3210224;anodo;ARRIBA|A|+;2.77;43.03;2.00;ABAJO;bloque
PTT2,5-BLOQUE-BATFER;impar_ARRIBA;;3.26;7.60;2.20;ARRIBA;bloque
PTT2,5-BLOQUE-BATFER;par_ARRIBA;;3.26;19.00;2.20;ARRIBA;bloque
PTT2,5-BLOQUE-BATFER;par_ABAJO;;3.26;57.90;2.20;ABAJO;bloque
PTT2,5-BLOQUE-BATFER;impar_ABAJO;;3.26;69.30;2.20;ABAJO;bloque
GS8512-EX.22;1;1|+;3.75;-0.80;1.60;ARRIBA;bloque+hoja
GS8512-EX.22;2;2|-;8.75;-0.80;1.60;ARRIBA;bloque+hoja
GS8512-EX.22;3;3;3.75;-0.80;1.60;ARRIBA;hoja
GS8512-EX.22;4;4;8.75;-0.80;1.60;ARRIBA;hoja
GS8512-EX.22;5;5;3.75;8.05;1.60;ARRIBA;hoja
GS8512-EX.22;6;6;8.75;8.05;1.60;ARRIBA;hoja
GS8512-EX.22;7;7;3.85;91.11;1.60;ABAJO;hoja
GS8512-EX.22;8;8;8.85;91.11;1.60;ABAJO;hoja
GS8512-EX.22;9;9;3.85;99.80;1.60;ABAJO;bloque+hoja
GS8512-EX.22;10;10;8.85;99.80;1.60;ABAJO;bloque+hoja
GS8536-EX;1;1|+;6.09;-0.80;1.60;ARRIBA;bloque+hoja
GS8536-EX;2;2|-;11.09;-0.80;1.60;ARRIBA;bloque+hoja
GS8536-EX;3;3;4.00;-0.80;1.60;ARRIBA;estimado
GS8536-EX;4;4;9.00;-0.80;1.60;ARRIBA;estimado
GS8536-EX;5;5;14.00;-0.80;1.60;ARRIBA;estimado
GS8536-EX;6;6;4.00;8.05;1.60;ARRIBA;estimado
GS8536-EX;7;7;9.00;8.05;1.60;ARRIBA;estimado
GS8536-EX;8;8;14.00;8.05;1.60;ARRIBA;estimado
GS8536-EX;9;9;4.00;91.05;1.60;ABAJO;estimado
GS8536-EX;10;10;9.00;91.05;1.60;ABAJO;estimado
GS8536-EX;11;11;14.00;91.05;1.60;ABAJO;estimado
GS8536-EX;12;12;4.00;99.74;1.60;ABAJO;estimado
GS8536-EX;13;13;9.00;99.74;1.60;ABAJO;estimado
GS8536-EX;14;14;14.00;99.74;1.60;ABAJO;estimado
