codigo;fabricante;tipo;regla;ancho_mm;alto_mm;ancho_hoja_mm;alto_hoja_mm;tol_pct;color;ignora_lado_texto;lado_puente;alias_bom;descripcion;fuente
NDR-240-24;MEAN WELL;aparato;nombre;63;125.2;63;125.2;4;;0;;NDR-240-24|NDR-240;Fuente riel DIN 240 W 24 V. TB2 (salida) arriba 4 pines, TB1 (entrada) abajo 3 pines;Hoja de datos NDR-240-SPEC (Mechanical Specification, vista frontal vectorial medida con medir.py hoja). https://www.meanwell.com/Upload/PDF/NDR-240/NDR-240-SPEC.PDF
NDR-120-24;MEAN WELL;aparato;nombre;40;125.2;40;125.2;4;;0;;NDR-120-24|NDR-120;Fuente riel DIN 120 W 24 V. Misma disposicion que NDR-240 en 40 mm;Hoja de datos NDR-120-SPEC (vista frontal vectorial medida con medir.py hoja). https://www.meanwell.com/Upload/PDF/NDR-120/NDR-120-SPEC.PDF
DDR-120A-24;MEAN WELL;aparato;nombre;32;125.2;32;125.2;4;;0;;DDR-120A-24|DDR-120B-24|DDR-120C-24|DDR-120D-24|DDR-120;Conversor DC/DC riel DIN 120 W. TB2 (salida) arriba 4 pines, TB1 (entrada) abajo 3 pines;Hoja de datos DDR-120-SPEC pag. 9 (vista frontal vectorial medida con medir.py hoja). https://www.meanwell.com/Upload/PDF/DDR-120/DDR-120-SPEC.PDF
EZ9R36225;SCHNEIDER;aparato;nombre;35;85;36;81;5;;0;;EZ9R36225|EZ9R3|DIFERENCIAL;Disyuntor diferencial Easy9 2P 25 A 30 mA. N a la izquierda (impresa), F a la derecha;Hoja de datos se.com (36 x 81 mm). El bloque CAD de la biblioteca Batfer mide 35 x 85 mm: posiciones medidas sobre el bloque (medir.py plano). Orden N-F por la N impresa en el aparato y fotos 12.35.34 / 1.4
EZ9F34210;SCHNEIDER;aparato;nombre;35;85;36;81;5;;0;;EZ9F34210|EZ9F3|TERMOMAGN|S202;Termomagnetica Easy9 2P C10 (en el tablero se monto un ABB S202 C10, misma huella). F a la izquierda, N a la derecha;Hoja de datos se.com (36 x 81 mm). Bloque Batfer 35 x 85 mm medido con medir.py plano. Orden F-N por colores de cable en fotos 12.35.34 / 1.4
DF101;SCHNEIDER;aparato;nombre;17.5;84;17.5;88.5;6;;0;;DF101|DF10;Portafusible TeSys DF 1P 10x38. Un tornillo arriba (entrada) y uno abajo (salida);Hoja de datos se.com (17.5 x 88.5 mm). Bloque Batfer 17.5 x 84 mm medido con medir.py plano
PTTB4-HESI-3211886;PHOENIX CONTACT;pieza;fusible;6.04;101.9;6.2;102.9;4;;0;;PTTB 4-HESI|HESI|BORNE FUSIBLE;Borne fusible doble piso push-in 5x20. Piso 1 (N, paso directo) en las bocas del extremo; piso 2 (FN, fusible) en las bocas interiores;Hoja de datos Phoenix 3211886 (6.2 x 102.9 mm). Posiciones medidas sobre el bloque CAD Phoenix del plano (medir.py plano), cuerpo = hoja +-2 %
TOMA-IRAM-VIVION;VIVION;aparato;nombre;32.17;68.8;45;;6;;1;;TOMA CORRIENTE|TOMACORRIENTE|VIVION|IRAM;Tomacorriente IRAM 10 A riel DIN. Los 3 bornes N-PE-L van ABAJO (el texto ARRIBA/ABAJO del instructivo sale del simbolo del esquema);Sin hoja de datos. El bloque Batfer es simplificado (32.2 mm, el real ~45 mm). Posicion de N/PE/L = proporcion medida en la foto 'WhatsApp 2026-09-25 15.54.54' sobre la franja de bornes (0.298 / 0.506 / 0.714 del ancho), llevada al ancho del bloque; y = franja inferior del bloque
MEGA-BASE;GENERICO;aparato;nombre;84.8;24.0;;;6;;0;;MEGA;Base portafusible MEGA de 2 esparragos, montada horizontal (fuera de riel);Sin hoja de datos. Medido sobre el bloque del plano (medir.py plano). Convencion: lado ARRIBA del instructivo = esparrago derecho, ABAJO = izquierdo (sale del ruteo del cable de potencia, confianza media)
RIF-0-RPT-12DC/21;PHOENIX CONTACT;pieza;modulo;6.10;91.7;6.2;93;4;;0;;RIF-0-RPT-12DC/21|RIF-0-RPT-12DC;Rele enchufable RIF-0 con base push-in, 6.2 mm. Arriba contactos 11 (extremo) 14 12; abajo A1 (junto al LED) y A2 (extremo);Hoja de datos Phoenix 2903370/2900958 (6.2 x 93 mm). Posiciones medidas sobre el bloque CAD Phoenix (medir.py plano). Orden fisico por los numeros moldeados en la carcasa (fotos 1.2 1.3 1.6 1.7)
RIF-0-RPT-24DC/21;PHOENIX CONTACT;pieza;modulo;6.10;91.7;6.2;93;4;;0;;RIF-0-RPT-24DC/21|RIF-0-RPT-24DC|2903370;Igual que RIF-0-RPT-12DC/21 con bobina de 24 V;Igual que RIF-0-RPT-12DC/21
PT6-QUATTRO-3212934;PHOENIX CONTACT;pieza;cuatro_puntos;8.2;90.5;8.2;90.5;4;gris;0;;PT 6-QUATTRO|PT 6 QUATTRO|PT6-QUATTRO|PT 6QUATTRO;Borne de paso push-in 1 piso 4 conexiones. Puntos 1 (extremo) y 2 arriba, 3 y 4 (extremo) abajo;Hoja de datos Phoenix 3212934 (8.2 x 90.5 mm). Altura de las bocas medida sobre el bloque CAD Phoenix (medir.py plano); x = centro de la pieza
PTT2,5-2MT-3210258;PHOENIX CONTACT;pieza;dos_pisos;5.2;92.4;5.2;92.4;4;gris;0;;PTT 2,5-2MT|PTT 2,5-2 MT|PTT2,5-2MT;Borne seccionable doble piso push-in gris. Impar = piso de abajo = boca del extremo; par = piso de arriba = boca interior;Hoja de datos Phoenix 3210258 (5.2 x 92.4 mm). Bocas medidas sobre el bloque CAD Phoenix (medir.py plano)
PTT2,5-2MT-BU-3210265;PHOENIX CONTACT;pieza;dos_pisos;5.2;92.4;5.2;92.4;4;azul;0;;PTT 2,5-2MT BU|PTT 2,5-2 MT BU|PTT2,5-2MTBU;Igual que PTT 2,5-2MT, color azul (circuitos de seguridad intrinseca);Hoja de datos Phoenix 3210265 (5.2 x 92.4 mm). Bocas como PTT 2,5-2MT
PT2,5-DIO/L-R-3210224;PHOENIX CONTACT;pieza;diodo;5.2;48.6;5.2;48.5;4;;0;ABAJO;PT 2,5-DIO/L-R|PT 2,5-DIO|PT2,5-DIO;Borne con diodo 1N4007, 1 boca por extremo. Anodo del lado del puente (texto ARRIBA del instructivo), catodo del otro (texto ABAJO);Hoja de datos Phoenix 3210224 (5.2 x 48.5 mm, esquema L - puente - anodo>catodo - R). Bocas medidas sobre el bloque CAD (medir.py plano). En el bloque Batfer sin girar el puente queda ABAJO; mapear.py lo confirma con el puente dibujado
PTT2,5-BLOQUE-BATFER;PHOENIX CONTACT;pieza;dos_pisos;6.17;76.9;5.2;68;4;;0;;PTT 2,5|PTT2,5;Borne doble piso push-in 'PTT 2,5' tal como lo dibuja la biblioteca Batfer (bloque de 6.2 x 76.9 mm, no coincide con la hoja del PTTB 2,5 de 5.2 x 68 mm). Impar = extremo, par = interior;Bloque del plano medido con medir.py plano. Hoja de datos Phoenix PTTB 2,5 3210567 solo como control
GS8512-EX.22;CHENZHU;aparato;nombre;12.59;99.0;12.5;99.0;5;;1;;GS8512-EX.22|GS8512-EX.12|GS8512-EX.11|GS8512;Barrera de entrada digital 2 canales, salida rele. Arriba (lado seguro) enchufes [1 2] y [3 4] en la fila exterior y [5 6] una fila adentro; abajo (lado IS) [9 10] afuera y [7 8] adentro;Manual CZ.GS8512-EX.11(S)E-5.0 (hojas_de_datos): vista lateral acotada, fila [5 6] 8.85 mm adentro de [3 4], fila [7 8] 8.69 mm adentro de [9 10]; carcasa 12.5 x 99 (118.9 con enchufes). x de los tornillos medida sobre el bloque del plano
GS8536-EX;CHENZHU;aparato;nombre;18.0;98.94;17.5;99.0;5;;1;;GS8536-EX|GS8536;Barrera de entrada analogica 2 canales. Arriba [1 2] afuera, [3 4 5] y [6 7 8]; abajo [9 10 11] adentro y [12 13 14] afuera;Catalogo CHENZHU GS8500-EX 2023 pag. 23 (17.5 mm). Tornillos 1 y 2 medidos sobre el bloque del plano; enchufes de 3 bornes estimados (paso 5 mm, filas como GS8512)
